Model,Accuracy,Precision,Recall,F1 Score,ROC-AUC
Gradient Boosting,0.7346153846153847,0.6676470588235294,0.5820512820512821,0.6219178082191781,0.7881420118343195
AdaBoost,0.7278846153846154,0.6636085626911316,0.5564102564102564,0.6052998605299861,0.7778737672583825
Stacking,0.725,0.6710526315789473,0.5230769230769231,0.5878962536023055,0.7741538461538462
LightGBM,0.7240384615384615,0.6528189910979229,0.5641025641025641,0.6052269601100413,0.7735779092702171
XGBoost,0.7201923076923077,0.6410256410256411,0.5769230769230769,0.6072874493927125,0.7696331360946745
Bagging,0.7086538461538462,0.629080118694362,0.5435897435897435,0.5832187070151307,0.7584536489151874
Soft Voting,0.6942307692307692,0.6005586592178771,0.5512820512820513,0.5748663101604278,0.7551597633136093
