Model,MAE,MSE,RMSE,R2 Score
Gradient Boosting,7.850594786477459,95.9265724558613,9.794211170679409,0.48658319136649997
Stacking,7.957675217984175,97.70653660343504,9.884661683812705,0.4770564930937158
LightGBM,7.980272842670757,99.42843168396737,9.971380630783651,0.4678405912386233
XGBoost,8.022863948528583,99.42845861810937,9.971381981355913,0.4678404470820995
Bagging,8.003049999999998,100.03235231346153,10.001617484860214,0.4646082960119229
AdaBoost,8.667998375803322,112.88299154511677,10.624640772521053,0.395829291255418
